{"epoch": [0, 50, 100, 150, 200, 250, 300, 350, 400, 450], "train_loss": [4.380550861358643, 1.295864462852478, 0.02119593881070614, 0.015550346113741398, 0.013407031074166298, 0.009487858042120934, 0.008297452703118324, 0.0074846637435257435, 0.006832267623394728, 0.00626902561634779], "test_loss": [4.150364875793457, 7.333082675933838, 15.75546932220459, 14.926721572875977, 14.403521537780762, 14.210746765136719, 14.012662887573242, 13.87324047088623, 13.803964614868164, 13.78748893737793], "train_acc": [0.021377671509981155, 0.7066508531570435, 0.9952493906021118, 0.9976246953010559, 1.0, 1.0, 1.0, 1.0, 1.0, 1.0], "test_acc": [0.019318759441375732, 0.009659379720687866, 0.010167768225073814, 0.010167768225073814, 0.009659379720687866, 0.008134214207530022, 0.009150991216301918, 0.01118454523384571, 0.010167768225073814, 0.009659379720687866]}