{
  "p": [
    83,
    89,
    97,
    101,
    103,
    107,
    109,
    113,
    127,
    131,
    137,
    139,
    149
  ],
  "accuracy": [
    0.9856292640441283,
    0.9827042040146446,
    0.9833138484429801,
    0.975492598764827,
    0.96286172118013,
    0.9816577867062626,
    0.9713828802289369,
    0.9423604041036886,
    0.40151280302560605,
    0.37876580618845057,
    0.34588949864137675,
    0.34532374100719426,
    0.2865636683032296
  ],
  "purity_snr": [
    0.4572367093251154,
    0.37525710058365325,
    0.431913104598183,
    0.4399925811108583,
    0.4482848640614329,
    0.4656837614864514,
    0.46950997025723373,
    0.48710129329156865,
    0.431011062005733,
    0.3723568188696568,
    0.35888206098142744,
    0.3272758215702784,
    0.2233776707266895
  ]
}