{"epoch": [0, 100, 200, 300, 400, 500, 600, 700, 800, 900, 1000, 1100, 1200, 1300, 1400, 1500, 1600, 1700, 1800, 1900, 2000, 2100, 2200, 2300, 2400, 2500, 2600, 2700, 2800, 2900, 3000, 3100, 3200, 3300, 3400, 3500, 3600, 3700, 3800, 3900, 4000, 4100, 4200, 4300, 4400, 4500, 4600, 4700, 4800, 4900, 5000, 5100, 5200, 5300, 5400, 5500, 5600, 5700, 5800, 5900, 6000, 6100, 6200, 6300, 6400, 6500, 6600, 6700, 6800, 6900, 7000, 7100, 7200, 7300, 7400, 7500, 7600, 7700, 7800, 7900, 8000, 8100, 8200, 8300, 8400, 8500, 8600, 8700, 8800, 8900, 9000, 9100, 9200, 9300, 9400, 9500, 9600, 9700, 9800, 9900], "train_loss": [5.919980049133301, 2.1612682342529297, 0.42123138904571533, 0.030508073046803474, 0.01485357340425253, 0.012800173833966255, 0.009799745865166187, 0.008182642981410027, 0.007383202668279409, 0.006537583656609058, 0.006007514428347349, 0.00501219742000103, 0.004868695512413979, 0.004261175636202097, 0.003913237247616053, 0.0033038861583918333, 0.003542597871273756, 0.0032359082251787186, 0.0028281589038670063, 0.0024702465161681175, 0.0022178413346409798, 0.0022601657547056675, 0.002040108432993293, 0.0020411049481481314, 0.0019646272994577885, 0.0015669773565605283, 0.0016272080829367042, 0.0013657526578754187, 1.0840919017791748, 0.03562923148274422, 0.021156856790184975, 0.02014702931046486, 0.019825508818030357, 0.017667368054389954, 0.01763254404067993, 0.015224792063236237, 0.014208108186721802, 0.013020958751440048, 0.01216130517423153, 0.010764000937342644, 0.009677279740571976, 0.009015332907438278, 0.007790174335241318, 0.007603425998240709, 0.006850534584373236, 0.005893407389521599, 0.005695024970918894, 0.0047269850037992, 0.004543809220194817, 0.004210982471704483, 0.003992115613073111, 0.003326374338939786, 0.0033785298001021147, 0.08079782873392105, 0.015939783304929733, 0.012956708669662476, 0.012067800387740135, 0.010965889319777489, 0.009952851571142673, 0.009070329368114471, 0.008034318685531616, 0.0071770139038562775, 0.006448628380894661, 0.005788407288491726, 0.005049942061305046, 0.004858755506575108, 0.004314386285841465, 0.003983695060014725, 0.004048326052725315, 0.003731867065653205, 0.00318533624522388, 0.0030393251217901707, 0.0027600317262113094, 0.0028218645602464676, 0.04868069291114807, 0.01899210922420025, 0.01720425672829151, 0.015380321070551872, 0.014268825761973858, 0.013173213228583336, 0.012411078438162804, 0.010954651981592178, 0.009706921875476837, 0.00903838500380516, 0.008288980461657047, 0.007201970089226961, 0.00716089503839612, 0.006042108405381441, 0.005129189230501652, 0.0048730019479990005, 0.005071340128779411, 0.004681980237364769, 0.00408455403521657, 0.0036857191007584333, 0.5623760223388672, 0.011941682547330856, 0.008979537524282932, 0.009341424331068993, 0.00963146798312664, 0.009121701121330261], "train_acc": [0.029296875, 0.310546875, 0.912109375, 1.0, 1.0, 1.0, 1.0, 1.0, 1.0, 1.0, 1.0, 1.0, 1.0, 1.0, 1.0, 1.0, 1.0, 1.0, 1.0, 1.0, 1.0, 1.0, 1.0, 1.0, 1.0, 1.0, 1.0, 1.0, 0.595703125, 1.0, 1.0, 1.0, 1.0, 1.0, 1.0, 1.0, 1.0, 1.0, 1.0, 1.0, 1.0, 1.0, 1.0, 1.0, 1.0, 1.0, 1.0, 1.0, 1.0, 1.0, 1.0, 1.0, 1.0, 0.994140625, 1.0, 1.0, 1.0, 1.0, 1.0, 1.0, 1.0, 1.0, 1.0, 1.0, 1.0, 1.0, 1.0, 1.0, 1.0, 1.0, 1.0, 1.0, 1.0, 1.0, 1.0, 1.0, 1.0, 1.0, 1.0, 1.0, 1.0, 1.0, 1.0, 1.0, 1.0, 1.0, 1.0, 1.0, 1.0, 1.0, 1.0, 1.0, 1.0, 1.0, 0.82421875, 1.0, 1.0, 1.0, 1.0, 1.0], "unseen_acc": [0.025390625, 0.072265625, 0.1796875, 0.177734375, 0.193359375, 0.18359375, 0.21484375, 0.216796875, 0.220703125, 0.22265625, 0.197265625, 0.216796875, 0.232421875, 0.203125, 0.236328125, 0.23828125, 0.197265625, 0.197265625, 0.203125, 0.21484375, 0.193359375, 0.224609375, 0.240234375, 0.23046875, 0.21875, 0.244140625, 0.228515625, 0.23046875, 0.21875, 0.240234375, 0.22265625, 0.263671875, 0.24609375, 0.232421875, 0.26171875, 0.240234375, 0.267578125, 0.251953125, 0.2421875, 0.263671875, 0.267578125, 0.271484375, 0.265625, 0.255859375, 0.232421875, 0.2578125, 0.2890625, 0.228515625, 0.259765625, 0.263671875, 0.25390625, 0.2578125, 0.26953125, 0.228515625, 0.232421875, 0.28515625, 0.26171875, 0.275390625, 0.26171875, 0.244140625, 0.251953125, 0.275390625, 0.2890625, 0.291015625, 0.296875, 0.328125, 0.306640625, 0.318359375, 0.3046875, 0.318359375, 0.341796875, 0.3359375, 0.296875, 0.291015625, 0.24609375, 0.2578125, 0.22265625, 0.294921875, 0.25, 0.24609375, 0.2578125, 0.259765625, 0.310546875, 0.26171875, 0.29296875, 0.28125, 0.27734375, 0.26953125, 0.296875, 0.2578125, 0.29296875, 0.27734375, 0.287109375, 0.314453125, 0.232421875, 0.197265625, 0.255859375, 0.2421875, 0.255859375, 0.232421875]}