{
  "p": [
    83,
    89,
    97,
    101,
    103,
    107,
    109,
    113,
    127,
    131,
    137,
    139,
    149
  ],
  "accuracy": [
    0.157061982871244,
    0.16954929933089258,
    0.23328727813795302,
    0.18390353886873836,
    0.11367706664153078,
    0.1712813346143768,
    0.10504166315966669,
    0.19249745477327904,
    0.12666625333250667,
    0.08443563894877922,
    0.08444775960360168,
    0.053930955954660735,
    0.07711364352957074
  ],
  "purity_snr": [
    0.13589570940065002,
    0.10455868970615284,
    0.09412230087457336,
    0.10446769131330665,
    0.1125314776231071,
    0.12303555586196155,
    0.12048364920646358,
    0.12149679547903557,
    0.1139756760793144,
    0.0997200378468266,
    0.10720918250373443,
    0.09684427755004484,
    0.08209006466790371
  ]
}