{
  "seen_13": {
    "purity_snr": 0.38194692219968546,
    "baseline": 0.4437869822485207,
    "ablated": 0.4437869822485207,
    "drop": 0.0,
    "p_attn": [
      0.2615475654602051,
      0.208396315574646
    ]
  },
  "unseen_71": {
    "purity_snr": 0.14840166115212733,
    "baseline": 0.0722078952588772,
    "ablated": 0.07260464193612379,
    "drop": -0.00039674667724658164,
    "p_attn": [
      0.25272172689437866,
      0.17742891609668732
    ]
  },
  "extrap_101": {
    "purity_snr": 0.11677276375848378,
    "baseline": 0.03421233212430154,
    "ablated": 0.034506420939123615,
    "drop": -0.00029408881482207577,
    "p_attn": [
      0.25671273469924927,
      0.17006494104862213
    ]
  }
}