{
  "p": [
    83,
    89,
    97,
    101,
    103,
    107,
    109,
    113,
    127,
    131,
    137,
    139,
    149
  ],
  "accuracy": [
    0.7436492959790971,
    0.49930564322686527,
    0.3124667871187161,
    0.1574355455347515,
    0.1293241587331511,
    0.10821905843305092,
    0.08930224728558202,
    0.08230871642258596,
    0.05648211296422593,
    0.053493386166307326,
    0.049070275454206405,
    0.047357797215465035,
    0.040989144633124634
  ],
  "purity_snr": [
    0.49820075216615345,
    0.5660462545559866,
    0.5156722151468398,
    0.3995040389006404,
    0.3371242852381947,
    0.34709314396180635,
    0.3288604783999659,
    0.30433077006003934,
    0.223575314460009,
    0.20479502084015702,
    0.18294833000557667,
    0.17980246736204206,
    0.18539784901511222
  ]
}