{"epoch": [100000, 100500, 101000, 101500, 102000, 102500, 103000, 103500, 104000, 104500, 105000, 105500, 106000, 106500, 107000, 107500, 108000, 108500, 109000, 109500, 110000, 110500, 111000, 111500, 112000, 112500, 113000, 113500, 114000, 114500, 115000, 115500, 116000, 116500, 117000, 117500, 118000, 118500, 119000, 119500, 120000, 120500, 121000, 121500, 122000, 122500, 123000, 123500, 124000, 124500, 125000, 125500, 126000, 126500, 127000, 127500, 128000, 128500, 129000, 129500, 130000, 130500, 131000, 131500, 132000, 132500, 133000, 133500, 134000, 134500, 135000, 135500, 136000, 136500, 137000, 137500, 138000, 138500, 139000, 139500, 140000, 140500, 141000, 141500, 142000, 142500, 143000, 143500, 144000, 144500, 145000, 145500, 146000, 146500, 147000, 147500, 148000, 148500, 149000, 149500, 150000, 150500, 151000, 151500, 152000, 152500, 153000, 153500, 154000, 154500, 155000, 155500, 156000, 156500, 157000, 157500, 158000, 158500, 159000, 159500, 160000, 160500, 161000, 161500, 162000, 162500, 163000, 163500, 164000, 164500, 165000], "train_loss": [0.40032902359962463, 2.7205753326416016, 1.7036185264587402, 2.916053056716919, 0.9650524854660034, 0.5354886651039124, 0.8341270685195923, 0.37924787402153015, 0.3988962173461914, 0.9248091578483582, 0.41273581981658936, 0.26214250922203064, 0.3762979805469513, 0.44090619683265686, 0.2343461960554123, 0.588725209236145, 0.32564017176628113, 0.19604994356632233, 0.30226075649261475, 0.8582274913787842, 0.20940697193145752, 0.21993568539619446, 0.5021458864212036, 0.11992417275905609, 0.21040064096450806, 0.21854934096336365, 0.17937004566192627, 0.4810415804386139, 0.32579153776168823, 0.2070891559123993, 0.24932903051376343, 0.20468021929264069, 0.16319595277309418, 0.15765750408172607, 0.9830461740493774, 0.12201804667711258, 0.1980343461036682, 0.10324716567993164, 0.1534971445798874, 0.1197531446814537, 0.11273740231990814, 0.2048954963684082, 0.09210751950740814, 0.10863310098648071, 0.311382532119751, 0.11325522512197495, 0.11020511388778687, 0.4096771776676178, 0.07288366556167603, 0.05338934808969498, 0.03655952587723732, 2.28523588180542, 0.04270032420754433, 0.06224960833787918, 0.03776546195149422, 0.06452468782663345, 0.050972651690244675, 0.03422960266470909, 0.08307438343763351, 0.8605688214302063, 0.3775552809238434, 0.36880263686180115, 0.2492341548204422, 0.1207142323255539, 0.060365401208400726, 0.07971546053886414, 0.10732095688581467, 0.0853693038225174, 0.14186376333236694, 0.05618336796760559, 0.14617376029491425, 0.03768932446837425, 0.035130564123392105, 0.15938353538513184, 0.0322246327996254, 0.1378484070301056, 3.268616199493408, 1.5873198509216309, 0.45366108417510986, 0.08267401903867722, 0.13268578052520752, 0.14824388921260834, 0.1144193708896637, 0.0985451340675354, 0.09181756526231766, 0.10308479517698288, 0.10978542268276215, 0.186184823513031, 1.5536413192749023, 0.6546283960342407, 0.1035219207406044, 0.10852843523025513, 0.4164738655090332, 0.08330614119768143, 0.051924701780080795, 1.6420307159423828, 0.055864423513412476, 0.05985598266124725, 0.22803235054016113, 0.2406647801399231, 0.03590664640069008, 0.03446844965219498, 0.06892820447683334, 0.03104204125702381, 0.02961178496479988, 0.038944605737924576, 0.022922571748495102, 0.04851074516773224, 0.028072038665413857, 0.04784444347023964, 0.018992558121681213, 0.20826050639152527, 0.10200774669647217, 0.06897532194852829, 0.028215207159519196, 0.030572550371289253, 0.03523140773177147, 0.025654878467321396, 0.020528456196188927, 0.016846315935254097, 0.05502340942621231, 0.07155593484640121, 0.02425890788435936, 0.057987794280052185, 0.03685370087623596, 0.03341042250394821, 0.023684488609433174, 0.03181842714548111, 0.020779982209205627, 0.0268164724111557, 0.052445195615291595], "unseen_acc": [0.011705685406923294, 0.14882943034172058, 0.24749164283275604, 0.22909699380397797, 0.4163879454135895, 0.3227424621582031, 0.3678929805755615, 0.4096989929676056, 0.4096989929676056, 0.36622074246406555, 0.3695652186870575, 0.4264214038848877, 0.454849511384964, 0.4598662257194519, 0.4665551781654358, 0.3913043439388275, 0.476588636636734, 0.5100334286689758, 0.48662206530570984, 0.38795986771583557, 0.47491639852523804, 0.46321070194244385, 0.4816053509712219, 0.5133779048919678, 0.44481605291366577, 0.4615384638309479, 0.5100334286689758, 0.4364548623561859, 0.4314381182193756, 0.39966556429862976, 0.42307692766189575, 0.454849511384964, 0.4665551781654358, 0.46989965438842773, 0.37123745679855347, 0.48494982719421387, 0.5016722679138184, 0.4882943034172058, 0.5100334286689758, 0.5133779048919678, 0.5200669169425964, 0.5117056965827942, 0.5384615659713745, 0.5150501728057861, 0.4882943034172058, 0.49163880944252014, 0.5200669169425964, 0.4715718924999237, 0.5167223811149597, 0.4949832856655121, 0.4933110475540161, 0.22909699380397797, 0.45819398760795593, 0.4882943034172058, 0.4832775890827179, 0.4882943034172058, 0.4832775890827179, 0.4949832856655121, 0.5200669169425964, 0.4431438148021698, 0.4899665415287018, 0.476588636636734, 0.4899665415287018, 0.48494982719421387, 0.5167223811149597, 0.49665552377700806, 0.49832776188850403, 0.5066889524459839, 0.47491639852523804, 0.49832776188850403, 0.4665551781654358, 0.4832775890827179, 0.49832776188850403, 0.476588636636734, 0.5083612203598022, 0.476588636636734, 0.045150503516197205, 0.1471571922302246, 0.4498327672481537, 0.4832775890827179, 0.4665551781654358, 0.4665551781654358, 0.48494982719421387, 0.45150500535964966, 0.45150500535964966, 0.4949832856655121, 0.44648829102516174, 0.4163879454135895, 0.36120402812957764, 0.3862876296043396, 0.4214046895503998, 0.48494982719421387, 0.42809364199638367, 0.4949832856655121, 0.5, 0.4096989929676056, 0.48662206530570984, 0.45652174949645996, 0.454849511384964, 0.44648829102516174, 0.47993311285972595, 0.4832775890827179, 0.4163879454135895, 0.4665551781654358, 0.4431438148021698, 0.4949832856655121, 0.52173912525177, 0.49832776188850403, 0.5016722679138184, 0.525083601474762, 0.4832775890827179, 0.5, 0.5117056965827942, 0.4882943034172058, 0.49163880944252014, 0.5100334286689758, 0.5183946490287781, 0.52173912525177, 0.49163880944252014, 0.5267558693885803, 0.4882943034172058, 0.49832776188850403, 0.5234113931655884, 0.49163880944252014, 0.5317725539207458, 0.5100334286689758, 0.5100334286689758, 0.4882943034172058, 0.476588636636734, 0.5016722679138184, 0.5183946490287781]}