{"epoch": [0, 500, 1000, 1500, 2000, 2500, 3000, 3500, 4000, 4500, 5000, 5500, 6000, 6500, 7000, 7500, 8000, 8500, 9000, 9500, 10000, 10500, 11000, 11500, 12000, 12500, 13000, 13500, 14000, 14500, 15000, 15500, 16000, 16500, 17000, 17500, 18000, 18500, 19000, 19500, 20000, 20500, 21000, 21500, 22000, 22500, 23000, 23500, 24000, 24500, 25000, 25500, 26000, 26500, 27000, 27500, 28000, 28500, 29000, 29500, 30000, 30500, 31000, 31500, 32000, 32500, 33000, 33500, 34000, 34500, 35000, 35500, 36000, 36500, 37000, 37500, 38000, 38500, 39000, 39500, 40000, 40500, 41000, 41500, 42000, 42500, 43000, 43500, 44000, 44500, 45000, 45500, 46000, 46500, 47000, 47500, 48000, 48500, 49000, 49500, 50000, 50500, 51000, 51500, 52000, 52500, 53000, 53500, 54000, 54500, 55000, 55500, 56000, 56500, 57000, 57500, 58000, 58500, 59000, 59500, 60000, 60500, 61000, 61500, 62000, 62500, 63000, 63500, 64000, 64500, 65000, 65500, 66000, 66500, 67000, 67500, 68000, 68500, 69000, 69500, 70000, 70500, 71000, 71500, 72000, 72500, 73000, 73500, 74000, 74500, 75000, 75500, 76000, 76500, 77000, 77500, 78000, 78500, 79000, 79500, 80000, 80500, 81000, 81500, 82000, 82500, 83000, 83500, 84000, 84500, 85000, 85500, 86000, 86500, 87000, 87500, 88000, 88500, 89000, 89500, 90000, 90500, 91000, 91500, 92000, 92500, 93000, 93500, 94000, 94500, 95000], "train_loss": [5.964684009552002, 0.16569267213344574, 0.6312825083732605, 0.05805225297808647, 0.022053377702832222, 0.017279257997870445, 0.01478276401758194, 0.14391770958900452, 1.938173532485962, 0.015721004456281662, 0.011165142990648746, 0.11552926898002625, 0.15822896361351013, 0.12234748899936676, 0.13398979604244232, 0.13433626294136047, 0.44215452671051025, 0.11804050952196121, 0.12580330669879913, 0.09240950644016266, 0.18234474956989288, 0.9462834596633911, 0.5827081799507141, 0.5127956867218018, 0.5777713060379028, 0.46103349328041077, 0.42718109488487244, 0.40924859046936035, 0.5286139845848083, 0.3589082956314087, 0.38857537508010864, 0.3721840977668762, 0.37645334005355835, 0.3012641370296478, 0.386717826128006, 0.853818416595459, 0.32468554377555847, 0.4147986173629761, 0.2932335138320923, 0.4413621723651886, 0.45857730507850647, 0.26900720596313477, 0.3128933906555176, 0.3046894073486328, 0.23910602927207947, 0.28740042448043823, 0.3778381943702698, 0.28911030292510986, 0.3861790597438812, 0.25864332914352417, 0.2572116553783417, 0.2298465371131897, 0.23084688186645508, 0.3625921607017517, 0.27421873807907104, 0.23543131351470947, 0.2508682608604431, 0.2767542600631714, 0.28609418869018555, 0.35974031686782837, 0.2748072147369385, 0.34133732318878174, 0.233232319355011, 0.2840266227722168, 0.26220399141311646, 0.2521282136440277, 0.20679667592048645, 0.30634722113609314, 0.28491291403770447, 0.23563161492347717, 0.2676795721054077, 0.25750505924224854, 0.24230670928955078, 0.3016774654388428, 0.2624611258506775, 0.242635577917099, 0.2626141607761383, 0.24136090278625488, 0.19256824254989624, 0.40769872069358826, 0.25910788774490356, 0.16233870387077332, 0.17589958012104034, 0.16015508770942688, 0.1375139057636261, 0.20655742287635803, 0.2323642522096634, 0.2282685786485672, 0.10739251971244812, 0.140970379114151, 1.0189229249954224, 0.2741299271583557, 0.22398659586906433, 0.3097609579563141, 0.12776920199394226, 0.24210825562477112, 0.15760239958763123, 0.21055322885513306, 0.23507729172706604, 0.11286316812038422, 0.17184212803840637, 0.164512038230896, 0.1333398073911667, 0.18206101655960083, 0.1273805797100067, 0.10537660121917725, 0.1268220841884613, 0.12627065181732178, 0.21999773383140564, 0.09383964538574219, 0.09817051887512207, 0.07786855101585388, 0.07756613940000534, 0.08976343274116516, 0.13119009137153625, 0.07748573273420334, 0.07031960785388947, 0.0962551087141037, 0.06687183678150177, 0.8310737013816833, 0.09327945858240128, 0.08017133176326752, 1.0784912109375, 0.10352679342031479, 0.06716492027044296, 0.06780189275741577, 0.06277860701084137, 0.0856681540608406, 0.07694509625434875, 0.050200074911117554, 0.3860119879245758, 0.14075201749801636, 0.06129322946071625, 0.0676906630396843, 0.03676275163888931, 0.04033508896827698, 0.07112862169742584, 0.03982442617416382, 0.046663347631692886, 0.05360648036003113, 0.042391106486320496, 0.04557225853204727, 0.03827989101409912, 0.04211997985839844, 0.06950423866510391, 0.03834687918424606, 0.035624053329229355, 0.03258775174617767, 0.03522917628288269, 0.03459088131785393, 0.033545829355716705, 0.03406831622123718, 0.03262879326939583, 0.024455610662698746, 0.02526390179991722, 0.025449514389038086, 0.028839102014899254, 0.021541781723499298, 0.018496962264180183, 0.05566418915987015, 0.025470633059740067, 0.019217759370803833, 0.02263134904205799, 0.019772225990891457, 0.025445785373449326, 0.01410730555653572, 0.017392626032233238, 0.01474410854279995, 0.015143364667892456, 0.015766829252243042, 0.020862895995378494, 0.01261335052549839, 0.013451913371682167, 0.011182410642504692, 0.011665398254990578, 0.008922291919589043, 0.010325180366635323, 0.008182059973478317, 0.00807134248316288, 0.0073768398724496365, 0.004606286529451609, 0.006719566881656647, 0.004705421626567841, 0.005037829279899597, 0.004796002060174942, 0.0046834200620651245, 0.004702551290392876, 0.003717651590704918, 0.004246409982442856, 0.0033049387857317924, 0.0028352108784019947],