{"epoch": [0, 500, 1000, 1500, 2000, 2500, 3000, 3500, 4000, 4500, 5000, 5500, 6000, 6500, 7000, 7500, 8000, 8500, 9000, 9500, 10000], "train_loss": [5.964684009552002, 0.16569267213344574, 0.6312825083732605, 0.05805225297808647, 0.022053377702832222, 0.017279257997870445, 0.01478276401758194, 0.14391770958900452, 1.938173532485962, 0.015721004456281662, 0.011165142990648746, 0.11552926898002625, 0.15822896361351013, 0.12234748899936676, 0.13398979604244232, 0.13433626294136047, 0.44215452671051025, 0.11804050952196121, 0.12580330669879913, 0.09240950644016266, 0.18234474956989288], "unseen_acc": [0.03846153989434242, 0.37792640924453735, 0.3127090334892273, 0.42307692766189575, 0.4381271004676819, 0.4163879454135895, 0.41806021332740784, 0.3795986473560333, 0.23411370813846588, 0.38461539149284363, 0.39966556429862976, 0.3628762662410736, 0.3929765820503235, 0.4648829400539398, 0.5033444762229919, 0.4080267548561096, 0.21404682099819183, 0.4214046895503998, 0.39464882016181946, 0.40133780241012573, 0.38461539149284363]}