{"epoch": [0, 500, 1000, 1500, 2000, 2500, 3000, 3500, 4000, 4500, 5000, 5500, 6000, 6500, 7000, 7500, 8000, 8500, 9000, 9500, 10000, 10500, 11000, 11500, 12000, 12500, 13000, 13500, 14000, 14500, 15000, 15500, 16000, 16500, 17000, 17500, 18000, 18500, 19000, 19500, 20000, 20500, 21000, 21500, 22000, 22500, 23000, 23500, 24000, 24500, 25000, 25500, 26000, 26500, 27000, 27500, 28000, 28500, 29000, 29500, 30000, 30500, 31000, 31500, 32000, 32500, 33000, 33500, 34000, 34500, 35000, 35500, 36000, 36500, 37000, 37500, 38000, 38500, 39000, 39500, 40000, 40500, 41000, 41500, 42000, 42500, 43000, 43500, 44000, 44500, 45000, 45500, 46000, 46500, 47000, 47500, 48000, 48500, 49000, 49500, 50000], "train_loss": [5.964684009552002, 0.16569267213344574, 0.6312825083732605, 0.05805225297808647, 0.022053377702832222, 0.017279257997870445, 0.01478276401758194, 0.14391770958900452, 1.938173532485962, 0.015721004456281662, 0.011165142990648746, 0.11552926898002625, 0.15822896361351013, 0.12234748899936676, 0.13398979604244232, 0.13433626294136047, 0.44215452671051025, 0.11804050952196121, 0.12580330669879913, 0.09240950644016266, 0.18234474956989288, 0.9462834596633911, 0.5827081799507141, 0.5127956867218018, 0.5777713060379028, 0.46103349328041077, 0.42718109488487244, 0.40924859046936035, 0.5286139845848083, 0.3589082956314087, 0.38857537508010864, 0.3721840977668762, 0.37645334005355835, 0.3012641370296478, 0.386717826128006, 0.853818416595459, 0.32468554377555847, 0.4147986173629761, 0.2932335138320923, 0.4413621723651886, 0.45857730507850647, 0.26900720596313477, 0.3128933906555176, 0.3046894073486328, 0.23910602927207947, 0.28740042448043823, 0.3778381943702698, 0.28911030292510986, 0.3861790597438812, 0.25864332914352417, 0.2572116553783417, 0.2298465371131897, 0.23084688186645508, 0.3625921607017517, 0.27421873807907104, 0.23543131351470947, 0.2508682608604431, 0.2767542600631714, 0.28609418869018555, 0.35974031686782837, 0.2748072147369385, 0.34133732318878174, 0.233232319355011, 0.2840266227722168, 0.26220399141311646, 0.2521282136440277, 0.20679667592048645, 0.30634722113609314, 0.28491291403770447, 0.23563161492347717, 0.2676795721054077, 0.25750505924224854, 0.24230670928955078, 0.3016774654388428, 0.2624611258506775, 0.242635577917099, 0.2626141607761383, 0.24136090278625488, 0.19256824254989624, 0.40769872069358826, 0.25910788774490356, 0.16233870387077332, 0.17589958012104034, 0.16015508770942688, 0.1375139057636261, 0.20655742287635803, 0.2323642522096634, 0.2282685786485672, 0.10739251971244812, 0.140970379114151, 1.0189229249954224, 0.2741299271583557, 0.22398659586906433, 0.3097609579563141, 0.12776920199394226, 0.24210825562477112, 0.15760239958763123, 0.21055322885513306, 0.23507729172706604, 0.11286316812038422, 0.17184212803840637], "unseen_acc": [0.03846153989434242, 0.37792640924453735, 0.3127090334892273, 0.42307692766189575, 0.4381271004676819, 0.4163879454135895, 0.41806021332740784, 0.3795986473560333, 0.23411370813846588, 0.38461539149284363, 0.39966556429862976, 0.3628762662410736, 0.3929765820503235, 0.4648829400539398, 0.5033444762229919, 0.4080267548561096, 0.21404682099819183, 0.4214046895503998, 0.39464882016181946, 0.40133780241012573, 0.38461539149284363, 0.41806021332740784, 0.4163879454135895, 0.4431438148021698, 0.47324416041374207, 0.6053511500358582, 0.5401337742805481, 0.5618728995323181, 0.5953177213668823, 0.6204013228416443, 0.546822726726532, 0.5501672029495239, 0.5501672029495239, 0.5551839470863342, 0.6003344655036926, 0.5183946490287781, 0.5769230723381042, 0.5150501728057861, 0.6153846383094788, 0.49163880944252014, 0.6605350971221924, 0.5418060421943665, 0.5702341198921204, 0.5367892980575562, 0.6304348111152649, 0.5769230723381042, 0.5668896436691284, 0.6020066738128662, 0.6237457990646362, 0.6421404480934143, 0.6839464902877808, 0.6454849243164062, 0.7341136932373047, 0.5267558693885803, 0.6404682397842407, 0.5585284233093262, 0.6321070194244385, 0.6555184125900269, 0.6237457990646362, 0.5769230723381042, 0.6020066738128662, 0.5401337742805481, 0.5752508640289307, 0.6872909665107727, 0.5418060421943665, 0.6521739363670349, 0.6270902752876282, 0.5618728995323181, 0.5267558693885803, 0.5535116791725159, 0.5284280776977539, 0.5919732451438904, 0.5802675485610962, 0.5518394708633423, 0.6120401620864868, 0.5969899892807007, 0.5752508640289307, 0.5384615659713745, 0.590300977230072, 0.6120401620864868, 0.6070234179496765, 0.546822726726532, 0.667224109172821, 0.5969899892807007, 0.6337792873382568, 0.6287625432014465, 0.5535116791725159, 0.5869565010070801, 0.6588628888130188, 0.6688963174819946, 0.4715718924999237, 0.5183946490287781, 0.6354514956474304, 0.6270902752876282, 0.5886287689208984, 0.6337792873382568, 0.5635451674461365, 0.5752508640289307, 0.5635451674461365, 0.525083601474762, 0.6120401620864868]}