{"epoch": [0, 100, 200, 300, 400, 500, 600, 700, 800, 900, 1000, 1100, 1200, 1300, 1400, 1500, 1600, 1700, 1800, 1900, 2000, 2100, 2200, 2300, 2400, 2500, 2600, 2700, 2800, 2900, 3000, 3100, 3200, 3300, 3400, 3500, 3600, 3700, 3800, 3900, 4000, 4100, 4200, 4300, 4400, 4500, 4600, 4700, 4800, 4900, 5000, 5100, 5200, 5300, 5400, 5500, 5600, 5700, 5800, 5900, 6000, 6100, 6200, 6300, 6400, 6500, 6600, 6700, 6800, 6900, 7000, 7100, 7200, 7300, 7400, 7500, 7600, 7700, 7800, 7900, 8000, 8100, 8200, 8300, 8400, 8500, 8600, 8700, 8800, 8900, 9000, 9100, 9200, 9300, 9400, 9500, 9600, 9700, 9800, 9900, 10000, 10100, 10200, 10300, 10400, 10500, 10600, 10700, 10800, 10900, 11000, 11100, 11200, 11300, 11400, 11500, 11600, 11700, 11800, 11900, 12000, 12100, 12200, 12300, 12400, 12500, 12600, 12700, 12800, 12900, 13000, 13100, 13200, 13300, 13400, 13500, 13600, 13700, 13800, 13900, 14000, 14100, 14200, 14300, 14400, 14500, 14600, 14700, 14800, 14900, 15000, 15100, 15200, 15300, 15400, 15500, 15600, 15700, 15800, 15900, 16000, 16100, 16200, 16300, 16400, 16500, 16600, 16700, 16800, 16900, 17000, 17100, 17200, 17300, 17400, 17500, 17600, 17700, 17800, 17900, 18000, 18100, 18200, 18300, 18400, 18500, 18600, 18700, 18800, 18900, 19000, 19100, 19200, 19300, 19400, 19500, 19600, 19700, 19800, 19900], "train_loss": [4.711677551269531, 0.5721571445465088, 0.0376410037279129, 0.020361265167593956, 0.01692749187350273, 0.014425085857510567, 0.012443295679986477, 0.010997091419994831, 0.009843219071626663, 0.008856123313307762, 0.008028725162148476, 0.007326358929276466, 0.006705043371766806, 0.006149220280349255, 0.0056572905741631985, 0.005213180091232061, 0.004816185683012009, 0.004458506125956774, 0.004126721061766148, 0.0038276626728475094, 0.003557614516466856, 0.0033074235543608665, 0.003077495377510786, 0.002866158029064536, 0.002675236901268363, 0.0025000846944749355, 0.0023379807826131582, 0.0021880895365029573, 0.0020501248072832823, 0.0019223516574129462, 0.001804481609724462, 0.0016935814637690783, 0.0015909395879134536, 0.0014948425814509392, 0.0014068771852180362, 0.001323531847447157, 0.0012460293946787715, 0.0011734310537576675, 0.0011057332158088684, 0.0010418292367830873, 0.0009832020150497556, 0.0009278852376155555, 0.0008762505021877587, 0.0008271794649772346, 0.0007816628785803914, 0.0007382811163552105, 0.0006982249906286597, 0.0006603774963878095, 0.0006245434051379561, 0.0005909060128033161, 0.0005592064117081463, 0.0005290972185321152, 0.000500781403388828, 0.00047432963037863374, 0.0004489360435400158, 0.0004250920610502362, 0.00040271776379086077, 0.0003815283707808703, 0.0003616641915868968, 0.0003427137271501124, 0.0003247400454711169, 0.0003079479793086648, 0.0002919665421359241, 0.0002768026606645435, 0.0002624977787490934, 0.00024895885144360363, 0.00023617560509592295, 0.00022400626039598137, 0.0002125723985955119, 0.00020169805793557316, 0.00019135026377625763, 0.00018155667930841446, 0.00017236141138710082, 0.0001635607477510348, 0.0001552627800265327, 0.0001473330776207149, 0.00013987085549160838, 0.00013278546975925565, 0.00012606698146555573, 0.00011974684457527474, 0.00011376193288015202, 0.00010804407065734267, 0.00010260951239615679, 9.747785952640697e-05, 9.25604545045644e-05, 8.796293695922941e-05, 8.351910946657881e-05, 7.935907342471182e-05, 7.536370685556903e-05, 7.16209106030874e-05, 6.805594603065401e-05, 6.463950558099896e-05, 6.142880738480017e-05, 5.8365050790598616e-05, 5.546708052861504e-05, 5.269074608804658e-05, 5.005221100873314e-05, 4.754367910209112e-05, 4.518713103607297e-05, 4.295584949431941e-05, 4.08199593948666e-05, 3.878064308082685e-05, 3.686099807964638e-05, 3.504147389321588e-05, 3.330954132252373e-05, 3.164674126310274e-05, 3.008627209055703e-05, 2.8604563340195455e-05, 2.7183872589375824e-05, 2.585329275461845e-05, 2.456615402479656e-05, 2.3352098651230335e-05, 2.2194724806468002e-05, 2.1104602637933567e-05, 2.006777322094422e-05, 1.907272780954372e-05, 1.8137918232241645e-05, 1.7240159650100395e-05, 1.6389312804676592e-05, 1.5585295841447078e-05, 1.4828659914201126e-05, 1.4095518963586073e-05, 1.3402664080786053e-05, 1.2753172995871864e-05, 1.2131511539337225e-05, 1.1537917998794e-05, 1.0980588740494568e-05, 1.044399687089026e-05, 9.936258720699698e-06, 9.452331141801551e-06, 8.994657946459483e-06, 8.55740381666692e-06, 8.137336408253759e-06, 7.748019015707541e-06, 7.373600055871066e-06, 7.013925824139733e-06, 6.671122719126288e-06, 6.352365744533017e-06, 6.0495349316624925e-06, 5.766336471424438e-06, 5.481087100633886e-06, 5.220909770287108e-06, 4.9764221330406144e-06, 4.745100341096986e-06, 4.515276486927178e-06, 4.303034984332044e-06, 4.100806108908728e-06, 3.904726327164099e-06, 3.729382342498866e-06, 3.55088445758156e-06, 3.3908354453160428e-06, 3.228185278203455e-06, 3.0766509553359356e-06, 2.9406485282379435e-06, 2.8051194931322243e-06, 2.671639776963275e-06, 2.550144699853263e-06, 2.4391354145336663e-06, 2.3264701667358167e-06, 2.2233450636122143e-06, 2.120141061823233e-06, 2.0293939542170847e-06, 1.939277581186616e-06, 1.8501862086850451e-06, 1.7666924350123736e-06, 1.6921869701036485e-06, 1.6216232552324072e-06, 1.5506655017816229e-06, 1.4823883702774765e-06, 1.4220740922610275e-06, 1.3615236866826308e-06, 1.304678562519257e-06, 1.2482277043091017e-06, 1.1961918744418654e-06, 1.1458906783445855e-06, 1.1033947657779208e-06, 1.0557743053141166e-06, 1.017378167489369e-06, 9.772476232683402e-07, 9.405860623701301e-07, 9.062109143087582e-07, 8.718357094039675e-07, 8.399047715101915e-07, 8.10181347787875e-07, 7.83926907388377e-07, 7.543611104665615e-07, 7.262933081619849e-07, 7.05084801211342e-07, 6.804860390730028e-07, 6.570699611074815e-07, 6.319982048808015e-07, 6.103166469983989e-07, 5.854026312590577e-07, 5.674265821653535e-07, 5.448777642413916e-07, 5.277690320326656e-07, 5.07664253746043e-07, 4.89136368742038e-07, 4.743140493701503e-07, 4.5689003513871285e-07],