{
  "p": [
    83,
    89,
    97,
    101,
    103,
    107,
    109,
    113,
    127,
    131,
    137,
    139,
    149
  ],
  "accuracy": [
    1.0,
    0.999242519883853,
    1.0,
    1.0,
    0.9997172212272599,
    0.9984278102891082,
    0.9998316640013467,
    0.9992951679849635,
    0.3419306838613677,
    0.3648388788532137,
    0.3410943577175129,
    0.3401997826199472,
    0.2997612720147741
  ],
  "purity_snr": [
    0.5416101694070048,
    0.5599854463556976,
    0.3542731183509879,
    0.3921941210541161,
    0.3966810523092683,
    0.39838883186444946,
    0.41812460081674696,
    0.4304708067779772,
    0.4956469290350764,
    0.46683762592477124,
    0.42562429649087136,
    0.40074104599663707,
    0.3102523613684088
  ]
}