{"epoch": [0, 100, 200, 300, 400, 500, 600, 700, 800, 900, 1000, 1100, 1200, 1300, 1400, 1500, 1600, 1700, 1800, 1900, 2000, 2100, 2200, 2300, 2400, 2500, 2600, 2700, 2800, 2900, 3000, 3100, 3200, 3300, 3400, 3500, 3600, 3700, 3800, 3900, 4000, 4100, 4200, 4300, 4400, 4500, 4600, 4700, 4800, 4900, 5000, 5100, 5200, 5300, 5400, 5500, 5600, 5700, 5800, 5900, 6000, 6100, 6200, 6300, 6400, 6500, 6600, 6700, 6800, 6900, 7000, 7100, 7200, 7300, 7400, 7500, 7600, 7700, 7800, 7900, 8000, 8100, 8200, 8300, 8400, 8500, 8600, 8700, 8800, 8900, 9000, 9100, 9200, 9300, 9400, 9500, 9600, 9700, 9800, 9900, 10000, 10100, 10200, 10300, 10400, 10500, 10600, 10700, 10800, 10900, 11000, 11100, 11200, 11300, 11400, 11500, 11600, 11700, 11800, 11900, 12000, 12100, 12200, 12300, 12400, 12500, 12600, 12700, 12800, 12900, 13000, 13100, 13200, 13300, 13400, 13500, 13600, 13700, 13800, 13900, 14000, 14100, 14200, 14300, 14400, 14500, 14600, 14700, 14800, 14900, 15000, 15100, 15200, 15300, 15400, 15500, 15600, 15700, 15800, 15900, 16000, 16100, 16200, 16300, 16400, 16500, 16600, 16700, 16800, 16900, 17000, 17100, 17200, 17300, 17400, 17500, 17600, 17700, 17800, 17900, 18000, 18100, 18200, 18300, 18400, 18500, 18600, 18700, 18800, 18900, 19000, 19100, 19200, 19300, 19400, 19500, 19600, 19700, 19800, 19900, 20000, 20100, 20200, 20300, 20400, 20500, 20600, 20700, 20800, 20900, 21000, 21100, 21200, 21300, 21400, 21500, 21600, 21700, 21800, 21900, 22000, 22100, 22200, 22300, 22400, 22500, 22600, 22700, 22800, 22900, 23000, 23100, 23200, 23300, 23400, 23500, 23600, 23700, 23800, 23900, 24000, 24100, 24200, 24300, 24400, 24500, 24600, 24700, 24800, 24900], "train_loss": [5.214627742767334, 2.0445239543914795, 0.08373253047466278, 0.039829690009355545, 0.027750734239816666, 0.022285597398877144, 0.018805211409926414, 0.016523584723472595, 0.014782334677875042, 0.013336289674043655, 0.012107735499739647, 0.011053036898374557, 0.010126409120857716, 0.009302301332354546, 0.008569914847612381, 0.007909406907856464, 0.0073184361681342125, 0.006781793665140867, 0.0062913731671869755, 0.005845371168106794, 0.005438672378659248, 0.005064496770501137, 0.0047211856581270695, 0.0044057839550077915, 0.004113966133445501, 0.0038470812141895294, 0.003599493531510234, 0.003371767234057188, 0.003161420812830329, 0.002964625833556056, 0.0027831648476421833, 0.0026141824200749397, 0.0024563362821936607, 0.002310928190127015, 0.0021757406648248434, 0.002048341790214181, 0.0019297099206596613, 0.0018179776379838586, 0.0017133314395323396, 0.0016156688798218966, 0.0015242912340909243, 0.001438885577954352, 0.001358400215394795, 0.0012830684427171946, 0.0012119758175686002, 0.001145147834904492, 0.00108226272277534, 0.0010233665816485882, 0.0009676993940956891, 0.0009153274586424232, 0.0008660283056087792, 0.0008196390117518604, 0.0007757476414553821, 0.0007343292236328125, 0.0006954225245863199, 0.000658564327750355, 0.000623665691819042, 0.0005908145103603601, 0.000559657986741513, 0.0005301528726704419, 0.0005024665151722729, 0.0004762787139043212, 0.00045158073771744967, 0.00042811990715563297, 0.0004058716876897961, 0.00038491073064506054, 0.0003650369180832058, 0.0003460958832874894, 0.0003282423713244498, 0.00031129445414990187, 0.0002953270450234413, 0.00028017733711749315, 0.0002658458543010056, 0.0002523170260246843, 0.00023942478583194315, 0.00022722642461303622, 0.00021566917712334543, 0.00020468926231842488, 0.00019424369384068996, 0.00018433584773447365, 0.00017497871886007488, 0.00016607051657047123, 0.00015765537682455033, 0.00014963206194806844, 0.0001420619955752045, 0.00013486651005223393, 0.00012808878091163933, 0.00012159080506535247, 0.00011546038876986131, 0.00010964060493279248, 0.00010414948337711394, 9.890180808724836e-05, 9.392559150001034e-05, 8.921523840399459e-05, 8.472439367324114e-05, 8.046163566177711e-05, 7.642433047294617e-05, 7.25983118172735e-05, 6.895555998198688e-05, 6.54974501230754e-05, 6.222778029041365e-05, 5.9121608501300216e-05, 5.617384522338398e-05, 5.3364325140137225e-05, 5.0682556320680305e-05, 4.817059016204439e-05, 4.576990977511741e-05, 4.3485812057042494e-05, 4.1333147237310186e-05, 3.927247962565161e-05, 3.731099786818959e-05, 3.5461620427668095e-05, 3.3699663617881015e-05, 3.20319777529221e-05, 3.0447701647062786e-05, 2.8943069992237724e-05, 2.750936801021453e-05, 2.615400262584444e-05, 2.4855158699210733e-05, 2.3630354917258956e-05, 2.2463629647972994e-05, 2.1356659999582916e-05, 2.0306086298660375e-05, 1.9313496522954665e-05, 1.836603769334033e-05, 1.746389170875773e-05, 1.6610023521934636e-05, 1.5797671949258074e-05, 1.502690247434657e-05, 1.429612711945083e-05, 1.3598811165138613e-05, 1.294105368288001e-05, 1.2308662007853854e-05, 1.171392977994401e-05, 1.1142262337671127e-05, 1.0604613635223359e-05, 1.0092922821058892e-05, 9.615406270313542e-06, 9.148596291197464e-06, 8.70743315317668e-06, 8.28964402899146e-06, 7.895914677646942e-06, 7.519055088778259e-06, 7.164262569858693e-06, 6.821452643634984e-06, 6.503729309770279e-06, 6.195842161105247e-06, 5.904263616685057e-06, 5.627843165711965e-06, 5.36561537956004e-06, 5.113005045132013e-06, 4.875241756963078e-06, 4.652915777114686e-06, 4.438620180735597e-06, 4.228527359373402e-06, 4.039131454192102e-06, 3.8584817048104014e-06, 3.6824387734668562e-06, 3.515266371323378e-06, 3.3563110264367424e-06, 3.2078446565719787e-06, 3.0641713237855583e-06, 2.9285906748555135e-06, 2.797865590764559e-06, 2.6766026621771744e-06, 2.5606925646570744e-06, 2.4487048904120456e-06, 2.343658024983597e-06, 2.237863554910291e-06, 2.1451733118738048e-06, 2.0508641682681628e-06, 1.962220039786189e-06, 1.8751944708128576e-06, 1.795140519789129e-06, 1.7215298839801108e-06, 1.650907165640092e-06, 1.5819649661352742e-06, 1.5140190043894108e-06, 1.4491853335130145e-06, 1.3923197457188508e-06, 1.3359834838411189e-06, 1.2836309224439901e-06, 1.2319943607508321e-06, 1.1796421404142166e-06, 1.1328298796797753e-06, 1.0892547379626194e-06, 1.0479204775037942e-06, 1.0067732318930211e-06, 9.70325686466822e-07, 9.360258559354406e-07, 9.045272122421011e-07, 8.729040814614564e-07, 8.401294167015294e-07, 8.126148145493062e-07, 7.813029014869244e-07, 7.583325896121096e-07, 7.329344384743308e-07, 7.118939606698405e-07, 6.885812240398081e-07, 6.664512852694315e-07, 6.434497663576622e-07, 6.262375791266095e-07, 6.084651431592647e-07, 5.916575673836633e-07, 5.763440071859804e-07, 5.574510737460514e-07, 5.410482231127389e-07, 5.256101189843321e-07, 5.099852842249675e-07, 4.975352680958167e-07, 4.837156666326337e-07, 4.7082988885449595e-07, 4.5685470695389085e-07, 4.446225148058147e-07, 4.29153317327291e-07, 4.1729464328454924e-07, 4.0736577489042247e-07, 3.9986463207242195e-07, 3.8828608239782625e-07, 3.7813927633578714e-07, 3.6967324490433384e-07, 3.598376849822671e-07, 3.505935239900282e-07, 3.435903579429578e-07, 3.348130803715321e-07, 3.2690729767637094e-07, 3.19406126436661e-07, 3.1280760026675125e-07, 3.0882358714734437e-07, 3.053687009924033e-07, 2.9957942615510547e-07, 2.954086539830314e-07, 2.8887237135677424e-07, 2.8270960683585145e-07, 2.8006394359181286e-07, 2.751150702806626e-07, 2.653729040957842e-07, 2.5846310336419265e-07, 2.534519580876804e-07, 2.453905381116783e-07, 2.34870256576869e-07, 2.278359687579723e-07, 2.1877855260754586e-07, 2.0713774517844286e-07, 1.9353609559402685e-07, 1.7258886941817764e-07, 1.3853797042884253e-07, 0.0009715930209495127, 0.005351853556931019, 0.009574463590979576],