{
  "mod_7": [
    {
      "dim": 35,
      "n_runs": 2,
      "avg_r2": {
        "fourier": 0.9855126447269452,
        "linear": 0.02566171081982571,
        "quadratic": 0.030676303042535547,
        "cubic": 0.24279682595478125
      },
      "most_common_fit": "fourier",
      "consistency": 1.0,
      "individual_runs": [
        {
          "dim": 35,
          "values": [
            30.8588924407959,
            30.793524605887278,
            30.79080445425851,
            30.88187680925642,
            30.74134009225028,
            30.91897065298898,
            30.74392536708287
          ],
          "fourier": {
            "r2": 0.9855126447269452,
            "freq": 3,
            "coeffs": [
              0.05100728031319988,
              0.07392509726892615,
              30.818476346074316
            ]
          },
          "linear": {
            "r2": 0.02566171081982571,
            "coeffs": [
              30.833848505604028,
              -0.005124053176569261
            ]
          },
          "quadratic": {
            "r2": 0.030676303042535547,
            "coeffs": [
              30.82730970577318,
              0.0027225066204382828,
              -0.001307759966166982
            ]
          },
          "cubic": {
            "r2": 0.24279682595478125,
            "coeffs": [
              30.85913449890761,
              -0.10336013716095811,
              0.046429429735457536,
              -0.005304132189069574
            ]
          },
          "visual_pattern": {
            "mean": 30.818476346074323,
            "std": 0.06397360864799057,
            "monotonic_increasing": 