{
  "p": [
    83,
    89,
    97,
    101,
    103,
    107,
    109,
    113,
    127,
    131,
    137,
    139,
    149
  ],
  "accuracy": [
    0.9912904630570475,
    0.9823254639565712,
    0.9989371877989159,
    0.9833349671600824,
    0.9544726175888396,
    0.9916149882085772,
    0.9774429761804562,
    0.9636619938914559,
    0.38241676483352965,
    0.43056931414253247,
    0.2178592359742128,
    0.18834428859789865,
    0.2723751182379172
  ],
  "purity_snr": [
    0.4766217797254837,
    0.22719152560564795,
    0.3260776968951028,
    0.39653842577552545,
    0.40847957741945684,
    0.41316773252227296,
    0.4146825099622311,
    0.4082748603211131,
    0.39788661462934605,
    0.35052584165878337,
    0.3280526023857936,
    0.2956717533476725,
    0.23057747835133688
  ]
}