{
  "seen_79": {
    "baseline": 0.5422207979490467,
    "ablated": 0.43326390001602305,
    "drop": 0.1089568979330236
  },
  "unseen_29": {
    "baseline": 0.03329369797859691,
    "ablated": 0.03329369797859691,
    "drop": 0.0
  }
}