{
  "p": [
    83,
    89,
    97,
    101,
    103,
    107,
    109,
    113,
    127,
    131,
    137,
    139,
    149
  ],
  "accuracy": [
    0.04528959210335317,
    0.04898371417750284,
    0.035285365075991074,
    0.03421233212430154,
    0.0429823734564992,
    0.031007074853699013,
    0.03240467974076256,
    0.026626987234709062,
    0.021514043028086058,
    0.02109434182157217,
    0.019500239757046192,
    0.01951244759588013,
    0.015359668483401649
  ],
  "purity_snr": [
    0.14918993093503907,
    0.13576860044593528,
    0.1120676130175839,
    0.11677276375848378,
    0.09491759102074318,
    0.09058721579780026,
    0.08037422494442265,
    0.1349646809884789,
    0.15384315088725783,
    0.1190905073933338,
    0.10964633336612217,
    0.11378128636329277,
    0.07589805719983263
  ]
}