{
  "p": [
    83,
    89,
    97,
    101,
    103,
    107,
    109,
    113,
    127,
    131,
    137,
    139,
    149
  ],
  "accuracy": [
    0.015096530701117723,
    0.01224592854437571,
    0.0185992135189712,
    0.01176355259288305,
    0.011688189273258555,
    0.011005327976242466,
    0.011026007911791936,
    0.010572480225546245,
    0.009486018972037944,
    0.008740749373579628,
    0.009164047098939742,
    0.008539930645411729,
    0.007477140669339219
  ],
  "purity_snr": [
    0.05099838664031986,
    0.05526510117998928,
    0.043183642572367766,
    0.042196716952775125,
    0.0352848261262847,
    0.038483791565272985,
    0.03481138542631764,
    0.03481540880451238,
    0.025633029966211605,
    0.024040930452072253,
    0.030509111290982403,
    0.02828222609034582,
    0.03585080280998057
  ]
}