{
  "seen_13": {
    "purity_snr": 0.6431337228567127,
    "baseline": 0.5384615384615384,
    "ablated": 0.5384615384615384,
    "drop": 0.0,
    "p_attn": [
      0.24993908405303955,
      0.1684020757675171
    ]
  },
  "unseen_71": {
    "purity_snr": 0.46526259557857425,
    "baseline": 0.15969053759174767,
    "ablated": 0.1606824042848641,
    "drop": -0.0009918666931164333,
    "p_attn": [
      0.2499532699584961,
      0.18715541064739227
    ]
  }
}