{
  "seen_13": {
    "purity_snr": 0.45274292472813743,
    "baseline": 0.5088757396449705,
    "ablated": 0.514792899408284,
    "drop": -0.005917159763313529,
    "p_attn": [
      0.2556203603744507,
      0.18779721856117249
    ]
  },
  "unseen_71": {
    "purity_snr": 0.10552115279188552,
    "baseline": 0.04304701448125372,
    "ablated": 0.04304701448125372,
    "drop": 0.0,
    "p_attn": [
      0.25560060143470764,
      0.18761952221393585
    ]
  },
  "extrap_101": {
    "purity_snr": 0.0739828892118362,
    "baseline": 0.02627193412410548,
    "ablated": 0.025977845309283404,
    "drop": 0.00029408881482207577,
    "p_attn": [
      0.25557228922843933,
      0.18731379508972168
    ]
  }
}