{
  "seen_13": {
    "purity_snr": 0.30695562247000086,
    "baseline": 0.21301775147928995,
    "ablated": 0.20118343195266272,
    "drop": 0.011834319526627224,
    "p_attn": [
      0.23313111066818237,
      0.41878777742385864
    ]
  },
  "unseen_71": {
    "purity_snr": 0.0629868351318884,
    "baseline": 0.017456853798849436,
    "ablated": 0.017258480460226145,
    "drop": 0.00019837333862329082,
    "p_attn": [
      0.2642820477485657,
      0.5410204529762268
    ]
  },
  "extrap_101": {
    "purity_snr": 0.042196716952775125,
    "baseline": 0.01176355259288305,
    "ablated": 0.012155671012645818,
    "drop": -0.0003921184197627683,
    "p_attn": [
      0.21870693564414978,
      0.48886287212371826
    ]
  }
}