{
  "seen_13": {
    "purity_snr": 0.736150005373346,
    "baseline": 1.0,
    "ablated": 1.0,
    "drop": 0.0,
    "p_attn": [
      0.2499820739030838,
      0.2703285217285156
    ]
  },
  "unseen_71": {
    "purity_snr": 0.18650416977171982,
    "baseline": 0.6752628446736758,
    "ablated": 0.6524499107319977,
    "drop": 0.02281293394167816,
    "p_attn": [
      0.24998143315315247,
      0.17881694436073303
    ]
  },
  "extrap_101": {
    "purity_snr": 0.11076025827255646,
    "baseline": 0.10871483187922752,
    "ablated": 0.1141064601509656,
    "drop": -0.005391628271738072,
    "p_attn": [
      0.2499823272228241,
      0.18765859305858612
    ]
  }
}