{
  "p": [
    83,
    89,
    97,
    101,
    103,
    107,
    109,
    113,
    127,
    131,
    137,
    139,
    149
  ],
  "accuracy": [
    0.9950645957323269,
    0.9939401590708243,
    0.9924540333723031,
    0.988530536221939,
    0.9680459986803658,
    0.9745829330072495,
    0.9685211682518307,
    0.9586498551178636,
    0.3301506603013206,
    0.37666802633879143,
    0.33166391390058075,
    0.32860617980435797,
    0.22071077879374804
  ],
  "purity_snr": [
    0.6595637665670087,
    0.6343004570100155,
    0.3966947843518694,
    0.43395826639840535,
    0.4280287799776466,
    0.43349315094090274,
    0.42938952572500755,
    0.46023229229777857,
    0.5127347075030224,
    0.43604376688692575,
    0.3833356193810667,
    0.3103306211938332,
    0.20685054337714404
  ]
}