{
  "p": [
    83,
    89,
    97,
    101,
    103,
    107,
    109,
    113,
    127,
    131,
    137,
    139,
    149
  ],
  "accuracy": [
    0.0702569313398171,
    0.05946218911753567,
    0.07290891699436709,
    0.04950495049504951,
    0.05146573663870299,
    0.04262380993973273,
    0.044104031647167745,
    0.04056699819876263,
    0.031806063612127226,
    0.029951634520132858,
    0.02738558260962225,
    0.026913720821903627,
    0.023287239313544435
  ],
  "purity_snr": [
    0.11858854038377299,
    0.10803188284880516,
    0.09100293300736718,
    0.09019078756985568,
    0.09171012422345759,
    0.08295785142275139,
    0.08265494208024722,
    0.07462241550415304,
    0.08345587308896371,
    0.06873908697916671,
    0.06185880465890286,
    0.06831195263436751,
    0.05758252347758521
  ]
}