{
  "p": [
    83,
    89,
    97,
    101,
    103,
    107,
    109,
    113,
    127,
    131,
    137,
    139,
    149
  ],
  "accuracy": [
    1.0,
    1.0,
    1.0,
    1.0,
    1.0,
    1.0,
    1.0,
    0.9999216853316626,
    0.3451546903093806,
    0.367286288677816,
    0.3254302306995578,
    0.2908234563428394,
    0.23976397459573892
  ],
  "purity_snr": [
    0.5087187178271246,
    0.5571649463518731,
    0.3548690736834157,
    0.39274354941587863,
    0.38176237331765156,
    0.3869668134449613,
    0.4149819999005039,
    0.4067415018965357,
    0.47810679331638023,
    0.43287395433935233,
    0.3980674686670193,
    0.379371562640515,
    0.25911197071651426
  ]
}