{
  "p": [
    83,
    89,
    97,
    101,
    103,
    107,
    109,
    113,
    127,
    131,
    137,
    139,
    149
  ],
  "accuracy": [
    0.043402525765713455,
    0.03837899255144552,
    0.03517908385588266,
    0.032251740025487696,
    0.03233103968328777,
    0.03022097999825312,
    0.029627135762982915,
    0.02717518991307072,
    0.023994047988095978,
    0.01905483363440359,
    0.020512547285417442,
    0.01858081879819885,
    0.01684608801405342
  ],
  "purity_snr": [
    0.0965678125210516,
    0.09090177509092164,
    0.08105693128862036,
    0.08122036911024641,
    0.07912747787990389,
    0.07745043553373895,
    0.07552608566695375,
    0.07441350710655717,
    0.07067447954476701,
    0.0928711701573399,
    0.0640842153476456,
    0.08721592016072466,
    0.08104455557131235
  ]
}