{"epoch": [0, 100, 200, 300, 400, 500, 600, 700, 800, 900, 1000, 1100, 1200, 1300, 1400, 1500, 1600, 1700, 1800, 1900, 2000, 2100, 2200, 2300, 2400, 2500, 2600, 2700, 2800, 2900, 3000, 3100, 3200, 3300, 3400, 3500, 3600, 3700, 3800, 3900, 4000, 4100, 4200, 4300, 4400, 4500, 4600, 4700, 4800, 4900, 5000, 5100, 5200, 5300, 5400, 5500, 5600, 5700, 5800, 5900, 6000, 6100, 6200, 6300, 6400, 6500, 6600, 6700, 6800, 6900, 7000, 7100, 7200, 7300, 7400, 7500, 7600, 7700, 7800, 7900, 8000, 8100, 8200, 8300, 8400, 8500, 8600, 8700, 8800, 8900, 9000, 9100, 9200, 9300, 9400, 9500, 9600, 9700, 9800, 9900, 10000, 10100, 10200, 10300, 10400, 10500, 10600, 10700, 10800, 10900, 11000, 11100, 11200, 11300, 11400, 11500, 11600, 11700, 11800, 11900, 12000, 12100, 12200, 12300, 12400, 12500, 12600, 12700, 12800, 12900, 13000, 13100, 13200, 13300, 13400, 13500, 13600, 13700, 13800, 13900, 14000, 14100, 14200, 14300, 14400, 14500, 14600, 14700, 14800, 14900], "train_loss": [4.380550861358643, 0.020969510078430176, 0.012819808907806873, 0.008475585840642452, 0.006953241303563118, 0.005907638464123011, 0.005112489219754934, 0.004482809919863939, 0.003994417376816273, 0.0035856766626238823, 0.003243223298341036, 0.0029500829987227917, 0.0026920668315142393, 0.0024729922879487276, 0.0022712477948516607, 0.0020883511751890182, 0.0019268780015408993, 0.0017775382148101926, 0.0016406248323619366, 0.0014935655053704977, 0.0013858020538464189, 0.0012867340119555593, 0.0011971625499427319, 0.0011138037079945207, 0.0010192025220021605, 0.0009544857311993837, 0.0008904806454665959, 0.0008331626304425299, 0.0007802316104061902, 0.0007298379787243903, 0.0006847159820608795, 0.0006414871895685792, 0.000602333399001509, 0.0005658173467963934, 0.0005316713359206915, 0.00049981550546363, 0.00047058798372745514, 0.0004433928697835654, 0.00041770871030166745, 0.00039396618376486003, 0.00037165675894357264, 0.00035094513441435993, 0.0003307851147837937, 0.0003127488016616553, 0.00029526089201681316, 0.0002790743892546743, 0.000263851135969162, 0.0002495898224879056, 0.0002362809464102611, 0.00022366429038811475, 0.00021185776859056205, 0.00020067361765541136, 0.0001902359799714759, 0.00018023814482148737, 0.00017074977222364396, 0.00016175999189727008, 0.00015337920922320336, 0.00014538055984303355, 0.00013785915507469326, 0.00013070632121525705, 0.00012398189574014395, 0.00011762406938942149, 0.00011157024709973484, 0.00010578509682090953, 0.00010021689377026632, 9.513055556453764e-05, 9.030507499119267e-05, 8.566234464524314e-05, 8.133965457091108e-05, 7.728520722594112e-05, 7.324943726416677e-05, 6.952763942535967e-05, 6.605370435863733e-05, 6.271921301959082e-05, 5.958573456155136e-05, 5.657285510096699e-05, 5.3768078942084685e-05, 5.104837691760622e-05, 4.8497982788830996e-05, 4.6088160161161795e-05, 4.379768142825924e-05, 4.1597941162763163e-05, 3.953084160457365e-05, 3.75760137103498e-05, 3.570045737433247e-05, 3.393079532543197e-05, 3.225230102543719e-05, 3.065138662350364e-05, 2.9128763344488107e-05, 2.7681309802574106e-05, 2.6306624931748956e-05, 2.5019711756613106e-05, 2.37696040130686e-05, 2.258774111396633e-05, 2.146420047210995e-05, 2.0420789951458573e-05, 1.9406685169087723e-05, 1.8449209164828062e-05, 1.7556007151142694e-05, 1.6689562471583486e-05, 1.586644066264853e-05, 1.509286721557146e-05, 1.4349874618346803e-05, 1.3651479093823582e-05, 1.2979416169400793e-05, 1.2339063687250018e-05, 1.1737646673282143e-05, 1.1168789569637738e-05, 1.0621311048453208e-05, 1.0102856322191656e-05, 9.618946933187544e-06, 9.158962711808272e-06, 8.707047527423128e-06, 8.280192560050637e-06, 7.881651072239038e-06, 7.4952863542421255e-06, 7.135537998692598e-06, 6.7950445554743055e-06, 6.459929863922298e-06, 6.145202405605232e-06, 5.855109975527739e-06, 5.567565949604614e-06, 5.296019025990972e-06, 5.048399998486275e-06, 4.798373083758634e-06, 4.579776486934861e-06, 4.357923899078742e-06, 4.154617727181176e-06, 3.955134161515161e-06, 3.764994744415162e-06, 3.5880220821127295e-06, 3.4174204301962163e-06, 3.2567293146712473e-06, 3.108355485892389e-06, 2.9666355203517014e-06, 2.8322776870481903e-06, 2.694522208912531e-06, 2.5828169327724027e-06, 2.462900056343642e-06, 2.345389930269448e-06, 2.234817429780378e-06, 2.1361372546380153e-06, 2.0459517600102117e-06, 1.9542089830792975e-06, 1.8638818346516928e-06, 1.784881192179455e-06, 1.7091367681132397e-06, 1.6271627600872307e-06, 1.5583557342324639e-06, 1.490681142968242e-06], "test_loss": [4.150364875793457, 15.713212966918945, 14.402796745300293, 14.021242141723633, 13.880097389221191, 13.862921714782715, 13.948602676391602, 14.082359313964844, 14.238791465759277, 14.411848068237305, 14.603521347045898, 14.806112289428711, 15.015461921691895, 15.226591110229492, 15.441888809204102, 15.662576675415039, 15.874567031860352, 16.093183517456055, 16.306787490844727, 16.538881301879883, 16.759206771850586, 16.982152938842773, 17.21432113647461, 17.432788848876953, 17.671627044677734, 17.91697120666504, 18.162132263183594, 18.40059471130371, 18.634870529174805, 18.868799209594727, 19.085010528564453, 19.300724029541016, 19.503002166748047, 19.700820922851562, 19.894588470458984, 20.066741943359375, 20.25223159790039, 20.424646377563477, 20.594266891479492, 20.754213333129883, 20.90607261657715, 21.06006622314453, 21.218698501586914, 21.368310928344727, 21.507795333862305, 21.646982192993164, 21.788265228271484, 21.920576095581055, 22.051776885986328, 22.180971145629883, 22.30054473876953, 22.420873641967773, 22.5402889251709, 22.664201736450195, 22.784542083740234, 22.897829055786133, 23.00695037841797, 23.117271423339844, 23.229108810424805, 23.335378646850586, 23.44209861755371, 23.547637939453125, 23.64676856994629, 23.74551773071289, 23.828216552734375, 23.9060115814209, 23.983198165893555, 24.065214157104492, 24.148488998413086, 24.2362003326416, 24.32683563232422, 24.40553855895996, 24.48655891418457, 24.57740592956543, 24.67106819152832, 24.76701545715332, 24.862693786621094, 24.960596084594727, 25.052507400512695, 25.140642166137695, 25.231233596801758, 25.323251724243164, 25.418737411499023, 25.516836166381836, 25.615751266479492, 25.708858489990234, 25.801923751831055, 25.89746856689453, 25.989852905273438, 26.08692169189453, 26.180255889892578, 26.2785701751709, 26.379901885986328, 26.465259552001953, 26.557205200195312, 26.639989852905273, 26.72092056274414, 26.808731079101562, 26.89765739440918, 26.987398147583008, 27.074604034423828, 27.162208557128906, 27.24030876159668, 27.328550338745117, 27.410120010375977, 27.496593475341797, 27.578378677368164, 27.659475326538086, 27.747791290283203, 27.835346221923828, 27.922189712524414, 28.013612747192383, 28.111162185668945, 28.20655632019043, 28.297740936279297, 28.390867233276367, 28.485021591186523, 28.580366134643555, 28.6733341217041, 28.768484115600586, 28.858997344970703, 28.956035614013672, 29.05286979675293, 29.143314361572266, 29.24519157409668, 29.33346176147461, 29.434228897094727, 29.517492294311523, 29.614063262939453, 29.711179733276367, 29.810335159301758, 29.915691375732422, 30.011255264282227, 30.10027503967285, 30.19668197631836, 30.278955459594727, 30.365320205688477, 30.433650970458984, 30.510595321655273, 30.594743728637695, 30.682584762573242, 30.75937271118164, 30.833267211914062, 30.912555694580078, 30.98883819580078, 31.06180763244629, 31.121931076049805, 31.207773208618164, 31.271217346191406, 31.334043502807617],