{"epoch": [0], "train_loss": [6.138063430786133], "train_acc": [0.00390625], "unseen_acc": [0.0068359375], "train_primes": [11, 13, 17, 19, 23, 29, 37, 47, 53, 59, 61, 67, 73, 79], "test_primes": [31, 41, 43, 71]}