{"epoch": [0, 500, 1000, 1500, 2000, 2500, 3000, 3500, 4000, 4500, 5000, 5500, 6000, 6500, 7000, 7500, 8000, 8500, 9000, 9500, 10000, 10500, 11000, 11500, 12000, 12500, 13000, 13500, 14000, 14500, 15000, 15500, 16000, 16500, 17000, 17500, 18000, 18500, 19000, 19500, 20000, 20500, 21000, 21500, 22000, 22500, 23000, 23500, 24000, 24500, 25000, 25500, 26000, 26500, 27000, 27500, 28000, 28500, 29000, 29500, 30000, 30500, 31000, 31500, 32000, 32500, 33000, 33500, 34000, 34500, 35000, 35500, 36000, 36500, 37000, 37500, 38000, 38500, 39000, 39500, 40000, 40500, 41000, 41500, 42000, 42500, 43000, 43500, 44000, 44500, 45000, 45500, 46000, 46500, 47000, 47500, 48000, 48500, 49000, 49500, 50000, 50500, 51000, 51500, 52000, 52500, 53000, 53500, 54000, 54500, 55000, 55500, 56000, 56500, 57000, 57500, 58000, 58500, 59000, 59500, 60000, 60500, 61000, 61500, 62000, 62500, 63000, 63500, 64000, 64500, 65000, 65500, 66000, 66500, 67000, 67500, 68000, 68500, 69000, 69500, 70000, 70500, 71000, 71500, 72000, 72500, 73000, 73500, 74000, 74500, 75000, 75500, 76000, 76500, 77000, 77500, 78000, 78500, 79000, 79500, 80000, 80500, 81000, 81500, 82000, 82500, 83000, 83500, 84000, 84500, 85000, 85500, 86000, 86500, 87000, 87500, 88000, 88500, 89000, 89500, 90000, 90500, 91000, 91500, 92000, 92500, 93000, 93500, 94000, 94500, 95000, 95500, 96000, 96500, 97000, 97500, 98000, 98500, 99000, 99500, 100000, 100500, 101000, 101500, 102000, 102500, 103000, 103500, 104000, 104500, 105000, 105500, 106000, 106500, 107000, 107500, 108000, 108500, 109000, 109500, 110000, 110500, 111000, 111500, 112000, 112500, 113000, 113500, 114000, 114500, 115000, 115500, 116000, 116500, 117000, 117500, 118000, 118500, 119000, 119500, 120000, 120500, 121000, 121500, 122000, 122500, 123000, 123500, 124000, 124500, 125000, 125500, 126000, 126500, 127000, 127500, 128000, 128500, 129000, 129500, 130000, 130500, 131000, 131500, 132000, 132500, 133000, 133500, 134000, 134500, 135000], "train_loss": [5.6187310218811035, 3.946772631024942e-05, 0.0017200973816215992, 0.006108179688453674, 1.4363082647323608, 0.39357197284698486, 0.0064222319051623344, 0.0022556097246706486, 0.018116552382707596, 0.0027724076062440872, 8.28951358795166, 3.000553607940674, 2.8669419288635254, 2.759242057800293, 2.0030009746551514, 0.4417533576488495, 0.5089852213859558, 0.6622753143310547, 0.3042545020580292, 1.5772356986999512, 2.105440378189087, 0.6894717216491699, 0.2799873352050781, 0.6000764966011047, 0.5098543167114258, 0.7929381132125854, 1.9426283836364746, 0.2650125026702881, 0.2572827935218811, 0.3103318214416504, 10.351455688476562, 1.4531453847885132, 1.2552050352096558, 1.0127836465835571, 0.883888304233551, 0.7407836318016052, 0.6597083210945129, 0.6994307041168213, 0.5729423761367798, 0.4918611943721771, 0.4505937695503235, 0.3735590875148773, 0.43489551544189453, 0.40766143798828125, 0.347187876701355, 0.3262321352958679, 0.33461296558380127, 0.32240164279937744, 0.3189524710178375, 0.35474711656570435, 0.29187989234924316, 0.31007689237594604, 0.5267685651779175, 0.35920873284339905, 0.3604949116706848, 0.3854798674583435, 0.4141855239868164, 0.3207260072231293, 0.27249646186828613, 0.255420446395874, 0.9732964038848877, 0.2853624224662781, 0.3463178277015686, 0.2763984799385071, 0.2888094186782837, 0.49486660957336426, 0.25991758704185486, 0.4898499846458435, 0.3115499019622803, 0.26744821667671204, 0.6329296827316284, 0.27287933230400085, 0.31702765822410583, 0.30809926986694336, 0.22625026106834412, 0.2593938410282135, 0.33701056241989136, 0.26850929856300354, 0.30139797925949097, 0.2546309530735016, 0.2746872007846832, 0.26980605721473694, 0.2653621435165405, 0.2196400761604309, 0.2438930869102478, 0.29188817739486694, 0.2651393711566925, 0.21494443714618683, 0.27806729078292847, 0.20384536683559418, 0.2747352123260498, 0.277508020401001, 0.2541397511959076, 0.3382609486579895, 0.48004692792892456, 0.22316238284111023, 0.21098236739635468, 0.26450711488723755, 0.27250391244888306, 0.19883471727371216, 0.3398168683052063, 0.17730052769184113, 0.16876822710037231, 0.22087451815605164, 0.22725766897201538, 0.20429417490959167, 0.3038370609283447, 0.20824694633483887, 0.3216216564178467, 0.2549397349357605, 0.1699468344449997, 0.43804872035980225, 0.26924723386764526, 0.2537343502044678, 0.20397454500198364, 0.1889670193195343, 0.3508675992488861, 0.17134401202201843, 0.14017361402511597, 0.254787802696228, 0.2509860098361969, 0.2611520290374756, 0.2786211371421814, 0.6981478929519653, 0.19070741534233093, 0.11353234201669693, 0.11220631003379822, 0.1211722195148468, 0.15298891067504883, 0.137617826461792, 0.10045552253723145, 0.1369675248861313, 0.14855250716209412, 0.15010826289653778, 0.16294121742248535, 0.18919028341770172, 0.21386078000068665, 0.7104382514953613, 0.8246762156486511, 0.20555062592029572, 0.13910111784934998, 0.11657285690307617, 0.3791309595108032, 0.0873168557882309, 0.0824442058801651, 0.10076013207435608, 0.08178988099098206, 0.1048445999622345, 0.1744021773338318, 0.08615779876708984, 0.07128362357616425, 0.3822246491909027, 0.11405038833618164, 0.07207337766885757, 0.07930436730384827, 0.08942151069641113, 0.09158501774072647, 0.1234288364648819, 0.07072773575782776, 0.06845328956842422, 0.06527121365070343, 0.05650637298822403, 0.06075102835893631, 0.06648913025856018, 0.04050637036561966, 0.06630615144968033, 0.016510121524333954, 0.07332342863082886, 0.04508110508322716, 0.07527965307235718, 0.06605632603168488, 0.03360145539045334, 0.049996040761470795, 0.024190295487642288, 0.09140455722808838, 0.2747765779495239, 0.048595815896987915, 0.021831780672073364, 0.04275708273053169, 0.018651194870471954, 0.025584980845451355, 0.05047465115785599, 0.020766887813806534, 0.021656379103660583, 0.9996190071105957, 0.032643768936395645, 0.024110373109579086, 0.05923759937286377, 0.04101309925317764, 0.01931101083755493, 0.019750002771615982, 0.4094963073730469, 0.0835450291633606, 0.05062534660100937, 0.08012072741985321, 0.03838605433702469, 0.039942026138305664, 0.18685896694660187, 2.7852399349212646, 0.03505539894104004, 0.03906846046447754, 0.017913948744535446, 0.032983407378196716, 0.04453917592763901, 0.07904128730297089, 0.05074724555015564, 0.014795600436627865, 0.023931289091706276, 1.4594448804855347, 0.014215732924640179, 0.020359322428703308, 0.019811835139989853, 0.016379669308662415, 0.0444292314350605, 0.1611759066581726, 0.018376868218183517, 0.05414590239524841, 0.011209852993488312, 0.019818704575300217, 0.01172957755625248, 0.023479901254177094, 0.012218950316309929, 0.015241999179124832, 0.010746726766228676, 0.010670194402337074, 0.11967669427394867, 0.29789286851882935, 0.06980177760124207, 0.006038683466613293, 0.2587360143661499, 0.022433869540691376, 0.04250374436378479, 0.0123712457716465, 0.01180446706712246, 0.017349598929286003, 0.024536721408367157, 0.016693957149982452, 0.010438635013997555, 0.013805529102683067, 0.12107589095830917, 0.132343590259552, 0.008042640052735806, 0.005579845514148474, 0.006490848958492279, 0.00752924382686615, 0.006703336723148823, 0.011588492430746555, 0.029732996597886086, 0.014981953427195549, 0.08291909098625183, 0.008987666107714176, 0.009820433333516121, 0.009465079754590988, 0.007396363653242588, 0.008364623412489891, 0.0053945123217999935, 0.004363825544714928, 0.011939398013055325, 0.010636268183588982, 0.005261621903628111, 0.03243947774171829, 0.021088777109980583, 0.011383994482457638, 0.008953114040195942, 0.017518868669867516, 0.016288748010993004, 0.0067022452130913734, 0.015405196696519852, 0.02346242591738701, 0.014676934108138084, 0.013008048757910728],