{"epoch": [0, 500, 1000, 1500, 2000, 2500, 3000, 3500, 4000, 4500, 5000, 5500, 6000, 6500, 7000, 7500, 8000, 8500, 9000, 9500, 10000], "avg_reward": [0.001953125, 0.4296875, 0.470703125, 0.490234375, 0.498046875, 0.50390625, 0.529296875, 0.572265625, 0.55859375, 0.59765625, 0.619140625, 0.6484375, 0.623046875, 0.720703125, 0.826171875, 0.796875, 0.86328125, 0.931640625, 0.931640625, 0.94140625, 0.939453125], "unseen_acc": [0.0, 0.1328125, 0.1171875, 0.11328125, 0.138671875, 0.134765625, 0.15234375, 0.1328125, 0.12890625, 0.14453125, 0.150390625, 0.146484375, 0.12890625, 0.150390625, 0.17578125, 0.150390625, 0.17578125, 0.193359375, 0.19140625, 0.169921875, 0.205078125]}