{"epoch": [0, 500, 1000, 1500, 2000, 2500, 3000, 3500, 4000, 4500, 5000, 5500, 6000, 6500, 7000, 7500, 8000, 8500, 9000, 9500, 10000, 10500, 11000, 11500, 12000, 12500, 13000, 13500, 14000, 14500, 15000, 15500, 16000, 16500, 17000, 17500, 18000, 18500, 19000, 19500, 20000, 20500, 21000, 21500, 22000, 22500, 23000, 23500, 24000, 24500, 25000, 25500, 26000, 26500, 27000, 27500, 28000, 28500, 29000, 29500, 30000, 30500, 31000, 31500, 32000, 32500, 33000, 33500, 34000, 34500, 35000, 35500, 36000, 36500, 37000, 37500, 38000, 38500, 39000, 39500, 40000, 40500, 41000, 41500, 42000, 42500, 43000, 43500, 44000, 44500, 45000, 45500, 46000, 46500, 47000, 47500, 48000, 48500, 49000, 49500, 50000, 50500, 51000, 51500, 52000, 52500, 53000, 53500, 54000, 54500, 55000, 55500, 56000, 56500, 57000, 57500, 58000, 58500, 59000, 59500, 60000], "avg_reward": [0.001953125, 0.4296875, 0.470703125, 0.490234375, 0.498046875, 0.50390625, 0.529296875, 0.572265625, 0.55859375, 0.59765625, 0.619140625, 0.6484375, 0.623046875, 0.720703125, 0.826171875, 0.796875, 0.86328125, 0.931640625, 0.931640625, 0.94140625, 0.939453125, 0.625, 0.61328125, 0.6640625, 0.65625, 0.68359375, 0.666015625, 0.6484375, 0.708984375, 0.658203125, 0.689453125, 0.68359375, 0.716796875, 0.701171875, 0.7265625, 0.71875, 0.7265625, 0.734375, 0.697265625, 0.724609375, 0.72265625, 0.740234375, 0.724609375, 0.716796875, 0.744140625, 0.744140625, 0.77734375, 0.732421875, 0.75390625, 0.73828125, 0.72265625, 0.732421875, 0.767578125, 0.73828125, 0.76953125, 0.763671875, 0.7890625, 0.7578125, 0.798828125, 0.775390625, 0.75390625, 0.759765625, 0.7578125, 0.7734375, 0.783203125, 0.76953125, 0.755859375, 0.744140625, 0.76953125, 0.74609375, 0.76953125, 0.7890625, 0.759765625, 0.7578125, 0.80078125, 0.798828125, 0.76953125, 0.787109375, 0.76953125, 0.7578125, 0.796875, 0.771484375, 0.763671875, 0.775390625, 0.810546875, 0.83984375, 0.806640625, 0.798828125, 0.77734375, 0.787109375, 0.767578125, 0.7734375, 0.779296875, 0.798828125, 0.7734375, 0.76953125, 0.802734375, 0.814453125, 0.822265625, 0.79296875, 0.7890625, 0.814453125, 0.80078125, 0.8359375, 0.802734375, 0.798828125, 0.791015625, 0.78515625, 0.810546875, 0.828125, 0.822265625, 0.81640625, 0.814453125, 0.8046875, 0.81640625, 0.78125, 0.79296875, 0.794921875, 0.82421875, 0.810546875, 0.80859375], "unseen_acc": [0.0, 0.1328125, 0.1171875, 0.11328125, 0.138671875, 0.134765625, 0.15234375, 0.1328125, 0.12890625, 0.14453125, 0.150390625, 0.146484375, 0.12890625, 0.150390625, 0.17578125, 0.150390625, 0.17578125, 0.193359375, 0.19140625, 0.169921875, 0.205078125, 0.16796875, 0.193359375, 0.228515625, 0.169921875, 0.20703125, 0.197265625, 0.18359375, 0.203125, 0.18359375, 0.1640625, 0.189453125, 0.17578125, 0.203125, 0.201171875, 0.19140625, 0.189453125, 0.177734375, 0.2109375, 0.22265625, 0.1875, 0.193359375, 0.212890625, 0.212890625, 0.197265625, 0.205078125, 0.228515625, 0.173828125, 0.18359375, 0.177734375, 0.20703125, 0.208984375, 0.22265625, 0.1875, 0.21484375, 0.193359375, 0.169921875, 0.1796875, 0.208984375, 0.21484375, 0.205078125, 0.20703125, 0.24609375, 0.21484375, 0.197265625, 0.21875, 0.220703125, 0.216796875, 0.220703125, 0.236328125, 0.21484375, 0.220703125, 0.23046875, 0.2109375, 0.208984375, 0.240234375, 0.21484375, 0.22265625, 0.24609375, 0.240234375, 0.26171875, 0.244140625, 0.25390625, 0.271484375, 0.216796875, 0.23046875, 0.244140625, 0.240234375, 0.228515625, 0.244140625, 0.240234375, 0.240234375, 0.2421875, 0.255859375, 0.234375, 0.224609375, 0.265625, 0.228515625, 0.248046875, 0.244140625, 0.234375, 0.208984375, 0.228515625, 0.23828125, 0.23046875, 0.236328125, 0.2265625, 0.2578125, 0.26171875, 0.25, 0.255859375, 0.25390625, 0.220703125, 0.26953125, 0.25390625, 0.26171875, 0.251953125, 0.234375, 0.2421875, 0.2421875, 0.30078125]}