{
  "p": [
    83,
    89,
    97,
    101,
    103,
    107,
    109,
    113,
    127,
    131,
    137,
    139,
    149
  ],
  "accuracy": [
    1.0,
    1.0,
    1.0,
    1.0,
    1.0,
    1.0,
    1.0,
    1.0,
    0.31031062062124126,
    0.3310413146087058,
    0.30401193457296605,
    0.2847678691579111,
    0.22638619881987299
  ],
  "purity_snr": [
    0.4792464848752462,
    0.5394233346302538,
    0.3534356228979829,
    0.3866036544926897,
    0.3729952407557249,
    0.3754507321540923,
    0.40176417777108625,
    0.4003972740014608,
    0.4494287818700115,
    0.41583162385184835,
    0.3891732453235789,
    0.36220126258200874,
    0.2437772620948005
  ]
}