{
  "p": [
    83,
    89,
    97,
    101,
    103,
    107,
    109,
    113,
    127,
    131,
    137,
    139,
    149
  ],
  "accuracy": [
    0.07736971984322834,
    0.06425956318646636,
    0.06089913912211712,
    0.050975394569159886,
    0.053822226411537374,
    0.04594287710717093,
    0.04528238363774093,
    0.04072362753543739,
    0.02455204910409821,
    0.02464891323349455,
    0.022004368906175076,
    0.0207028621706951,
    0.016215485788928428
  ],
  "purity_snr": [
    0.13218245334147236,
    0.08821751645746491,
    0.07174064471596173,
    0.07217511862199688,
    0.06846228248369104,
    0.09039047131565903,
    0.07550812289674629,
    0.0993227584599784,
    0.09430193499762095,
    0.09269691923948725,
    0.09713019323658785,
    0.08955516494001715,
    0.08113972286119552
  ]
}