{
  "analogies": {
    "experiment": "analogies",
    "results": [
      {
        "analogy": [
          "king",
          "queen",
          "man",
          "woman"
        ],
        "cosine_similarity": 0.9388626217842102,
        "rank": 17,
        "top_5_predicted": [
          [
            "man",
            0.9865155220031738
          ],
          [
            "boy",
            0.9636726379394531
          ],
          [
            "go",
            0.9619299173355103
          ],
          [
            "son",
            0.9561703205108643
          ],
          [
            "come",
            0.9541075825691223
          ]
        ]
      },
      {
        "analogy": [
          "brother",
          "sister",
          "boy",
          "girl"
        ],
        "cosine_similarity": 0.955456018447876,
        "rank": 3,
        "top_5_predicted": [
          [
            "boy",
            0.9718833565711975
          ],
          [
            "man",
            0.9558178186416626
          ],
          [
            "girl",
            0.955456018447876
          ],
          [
            "brother",
            0.9532591700553894
          ],
          [
            "go",
            0.947148323059082
          ]
        ]
      },
      {
        "analogy": [
          "father",
          "mother",
          "son",
          "daughter"
        ],
        "cosine_similarity": 0.9416068196296692,
        "rank": 40,
        "top_5_predicted": [
          [
            "son",
            0.9840407967567444
          ],
          [
            "ran",
            0.9729169607162476
          ],
          [
            "king",
            0.9708340167999268
          ],
          [
            "come",
            0.9688491821289062
          ],
          [
            "man",
            0.9681130647659302
          ]
        ]
      },
      {
        "analogy": [
          "husband",
          "wife",
          "uncle",
          "aunt"
        ],
        "cosine_similarity": 0.9563048481941223,
        "rank": 3,
        "top_5_predicted": [
          [
            "uncle",
            0.9741125702857971
          ],
          [
            "husband",
            0.9580760598182678
          ],
          [
            "aunt",
            0.9563048481941223
          ],
          [
            "sister",
            0.9518684148788452
          ],
          [
            "brother",
            0.9467960596084595
          ]
        ]
      },
      {
        "analogy": [
          "France",
          "Paris",
          "Japan",
          "Tokyo"
        ],
        "cosine_similarity": 0.9136183857917786,
        "rank": 14,
        "top_5_predicted": [
          [
            "Japan",
            0.9849439263343811
          ],
          [
            "France",
            0.9645118117332458
          ],
          [
            "Germany",
            0.9638633728027344
          ],
          [
            "Italy",
            0.9612101316452026
          ],
          [
            "China",
            0.9595860838890076
          ]
        ]
      },
      {
        "analogy": [
          "Germany",
          "Berlin",
          "Italy",
          "Rome"
        ],
        "cosine_similarity": 0.8916223645210266,
        "rank": 47,
        "top_5_predicted": [
          [
            "Italy",
            0.9786370396614075
          ],
          [
            "Germany",
            0.973953366279602
          ],
          [
            "France",
            0.9720795750617981
          ],
          [
            "Japan",
            0.9669641852378845
          ],
          [
            "Spain",
            0.9620314240455627
          ]
        ]
      },
      {
        "analogy": [
          "Spain",
          "Madrid",
          "China",
          "Beijing"
        ],
        "cosine_similarity": 0.9094606637954712,
        "rank": 30,
        "top_5_predicted": [
          [
            "China",
            0.9681413769721985
          ],
          [
            "Japan",
            0.9606447815895081
          ],
          [
            "France",
            0.9506759643554688
          ],
          [
            "Italy",
            0.9491864442825317
          ],
          [
            "Spain",
            0.9490013718605042
          ]
        ]
      },
      {
        "analogy": [
          "walk",
          "walked",
          "run",
          "ran"
        ],
        "cosine_similarity": 0.9356308579444885,
        "rank": 13,
        "top_5_predicted": [
          [
            "run",
            0.9726625680923462
          ],
          [
            "see",
            0.9482994675636292
          ],
          [
            "son",
            0.9460551142692566
          ],
          [
            "big",
            0.945945680141449
          ],
          [
            "come",
            0.9428374171257019
          ]
        ]
      },
      {
        "analogy": [
          "see",
          "saw",
          "eat",
          "ate"
        ],
        "cosine_similarity": 0.9463049173355103,
        "rank": 6,
        "top_5_predicted": [
          [
            "eat",
            0.9806785583496094
          ],
          [
            "see",
            0.9634270071983337
          ],
          [
            "come",
            0.9573274254798889
          ],
          [
            "father",
            0.9541739225387573
          ],
          [
            "king",
            0.9468659162521362
          ]
        ]
      },
      {
        "analogy": [
          "go",
          "went",
          "come",
          "came"
        ],
        "cosine_similarity": 0.9482181072235107,
        "rank": 23,
        "top_5_predicted": [
          [
            "go",
            0.986456573009491
          ],
          [
            "come",
            0.9760574698448181
          ],
          [
            "boy",
            0.9726406931877136
          ],
          [
            "man",
            0.9707944393157959
          ],
          [
            "king",
            0.9661545753479004
          ]
        ]
      },
      {
        "analogy": [
          "big",
          "bigger",
          "small",
          "smaller"
        ],
        "cosine_similarity": 0.9058108925819397,
        "rank": 33,
        "top_5_predicted": [
          [
            "big",
            0.9765760898590088
          ],
          [
            "small",
            0.9656422734260559
          ],
          [
            "son",
            0.9539737105369568
          ],
          [
            "run",
            0.9470409750938416
          ],
          [
            "saw",
            0.9449549913406372
          ]
        ]
      },
      {
        "analogy": [
          "good",
          "better",
          "bad",
          "worse"
        ],
        "cosine_similarity": 0.8492909073829651,
        "rank": 44,
        "top_5_predicted": [
          [
            "bad",
            0.9624911546707153
          ],
          [
            "man",
            0.9035770893096924
          ],
          [
            "big",
            0.903499186038971
          ],
          [
            "ran",
            0.9027224183082581
          ],
          [
            "good",
            0.9026609063148499
          ]
        ]
      },
      {
        "analogy": [
          "doctor",
          "hospital",
          "teacher",
          "school"
        ],
        "cosine_similarity": 0.8748729825019836,
        "rank": 14,