{
  "p": [
    83,
    89,
    97,
    101,
    103,
    107,
    109,
    113,
    127,
    131,
    137,
    139,
    149
  ],
  "accuracy": [
    0.1569168239221948,
    0.11614695114253251,
    0.21224359655648847,
    0.20174492696794433,
    0.11603355641436516,
    0.18359682068302907,
    0.11219594310243246,
    0.1949252094917378,
    0.14086428172856347,
    0.08734922207330575,
    0.0855666258191699,
    0.054810827596915274,
    0.08116751497680284
  ],
  "purity_snr": [
    0.1346245702256477,
    0.1025284123469899,
    0.09407789449258011,
    0.10397978858107264,
    0.11085712655609586,
    0.12158281091692533,
    0.11902392450597787,
    0.12031253552119314,
    0.11338007726728207,
    0.09549121162830043,
    0.10510225502648368,
    0.09602409295797981,
    0.07915261995726955
  ]
}